{"rf_accuracy": 0.9086788754823298, "rf_auc": 0.9505309889512024, "rf_cm": [[13552, 1291], [200, 1284]], "lr_accuracy": 0.8005144852085503, "lr_auc": 0.9019792834361737, "lr_cm": [[11763, 3080], [177, 1307]], "feature_names": ["mismatch_count", "similarity_score", "seed_mismatch", "max_consecutive_mismatch", "gc_content_sgrna", "gc_content_off", "length_diff", "distal_mismatch", "first_half_mismatch"]}